back,front
Looking at all your training examples before updating parameters,What is batch?
Overflow happens when the computer approximates the extremely large number as infinity. Underflow happens when the computer treats the value as 0. The softmax output could have an issue because of the exponents in the numerator and denominator.,What is overflow and underflow? What is an example of when this might occur?
"<div>Conditioning is how rapidly a function changes with respect to small changes in input.</div><div><br></div><div>If it has an eigenvalue decomposition this is the largest eigenvalue divided by the smallest eigenvalue. When this number is large, inverting the matrix will be sensitive to error in the input for the equation f(x) = A^{-1}x</div>",<div>What is conditioning? What is a condition number of a matrix?</div>
<div>Means one pass over all training data. Could be from minibatch or batch - the batches refer to when you update the parameters</div>,What is an epoch?
"First of all we can think of the derivative in this light:<div><br></div>{{4 2 1.png}}<div><br></div><div>(think of this as the slope-intercept form giving us an approximation)</div><div><br></div><div style=""text-align: left;"">This relation is useful because it helps us see how to change x in order to change y.</div><div>&nbsp;</div>{{4 2 0.png}}<div><br></div><div>is less than f(x) (think of a parabola). Therefore we want to move x in the direction of the negative gradient.</div>",Why does gradient descent work or where does it come from?
<div><div>How f is changing in the direction of the unit vector u. It can be written as u' times gradient</div></div>,What is the directional derivative?
"This is when our function is R^m to R^n (gradient is R^n to R)<div><br></div><div>The rows will vary on the output (n output) and the columns will vary on the partial derivatives (m inputs)</div><div><br></div><div>For example the first row of the matrix would be...</div><div>[df_1/dx_1, f_1/dx_2, ...]</div><div><br></div><div><br></div>",What is the Jacobian?
"<div>This is the matrix of partial derivatives of a function from R^n to R<div><br></div><div>Row 1 would be df/dx1dx1, df/dx1dx2, ...</div></div><div><br></div><div>We can also think of the Hessian as the Jacobian of the gradient.</div><div><br></div>",What is the Hessian matrix?
"The curvature of a function. Sometimes the gradient (think of parabolas) doesn't do as well in picking the next place to go in the function because the slope is changing quickly, so the second derivatve can correct for that.",What do second order derivatives measure?
d'Hd where d is a unit vector and H is the Hessian,How do we represent the second derivative in a certain direction?
If the Hessian is real and symmetric we can do a eigenvector decomposition. The second derivative in the direction d is given by d'Hd. If d is an eigenvector of H then the second derivative is the eigenvalue associated with that d. For other direction d the second derivative is a weighted combination of the other eigenvalues.,What is the relationship between the Hessian and eigenvectors?
{{11 0 0.png}}<div><br></div><div>This is the best approximation of the function using the second order where f(x) has multiple inputs and one output.</div>,What is a Talyor series approximation and how is the second order defined?
"Recall that the best direction to go in for decreasing the function is the negative of the gradient so we go x_0 - eg<br>{{12 1 0.png}}<div>The first term is where we start, the second term is how much we go down by and the third time is the correction because of the curvature.</div>",What happens to the Taylor series when doing gradient descent and how can we interpret it?
"This tells us how the derivative is changing. It is used at a critical point when f'=0.&nbsp; If f''&gt;0 this means that as x increases the derivative or slope increases and when x decreases the slope is coming into the critical point, meaning we are at a local minimum.",What is the second derivative test in one dimensions?
"<div><div><div><div><div><div><div><div><div>A vector of partial derivatives for each element of the vector. The partial of x_i tells us how the function changes as we increase x_i at vec(x). Think of lim as h--&gt;0 of [f(x_i + h, x_{i+1}, ..) = f(x_i, x_{i+1}, ...)]/h. I'm not really sure how to interpret the gradient itself - it seems to only make sense when we multiply it by a vector almost like a tool we can use. It is a function - only has values when we plug in a point which is what the derivative is anyways - a function so the same thing as one dimension. The weird part though is unlike one dimension where the derivative at a point is the slope at that point, the gradient at a point is a mixture of slopes I guess? We can prove though however that the gradient at a point points in the direction of steepest ascent.</div></div></div></div></div></div></div></div></div>",What is the gradient?
<div><div>Recall that d'Hd gives the second order derivative and that the derivative is made up of a combination of the eigenvalues of H. Therefore if H is positive definite this implies the eigenvalues are all positive and the second derivatives are all positive implying we are at a local minimum.</div><div><br></div><div>If the condition number of the Hessian is high this implies the max eigenvalue is much higher than the min eigenvalue implying the derivative is changing quickly in one but slowly in another so gradient descent performs poorly.</div></div><div><br></div><div>The reason it performs poorly is because gradient descent is not aware that the derivative is increasing more quickly in one direction (its starting to descend less) so it should prefer the other direction where the gradient is not increasing as much and is descending more.</div>,What does the second derivative test look like in multiple dimensions?
This is when our input to the activation function gets so big or so small that it leads to small derivatives from the activation function which barely changes the weights in the update equation.&nbsp;,What is the vanishing gradient problem or saturated gradients?
Use Relus since they don't have a small gradient.,How to fix the vanishing gradient problem?
"<div>Identity (x, all reals, doesn't allow for complex functions), Sigmoid (1/(1 + e^-x), range 0-1, vanishing gradient problem), TanH(like sigmoid, range 0-1, vanishing gradient problem), ReLu (0 for x&lt;=0, x for x&gt;0, positive reals, forces negatives to be 0 which might not be good/dead neurons), Leaky ReLu (0.01x for x&lt;0 and x for x&gt;=0, hopefully fixes the dead neuron problem), softmax(e^z_i/sum e^z_i, where z_i is an element of the input vector, range 0-1, good for probabilities).</div>",List some activation functions and their properties
"<div>Take a random subset of the training data, find the change in the parameters, and update. The idea is that our cost function is averaging over the loss of each training data example and it can take awhile to find the loss of each example. Using a random subset (and calling it minibatch) the thought is the average loss of the minibatch will be approximate to the average loss of all training examples.</div>",<div>What is stochastic gradient descent?</div>
<div>This occurs when our output of the activation function is always 0 as a result of the input always being negative (possibly because of a large negative bias). This is a problem because then that neuron can no longer discriminate between examples.&nbsp;</div>,What is a dead Relu or dead neuron?
How fast the cost function is changing as we change that weight.,What is the partial derivative of the cost function intuitively telling us?
<div>To compute the partial derivatives of the cost funtion with respect to any weight or bias. These partial derivatives make up the gradient evaluated at the current location (meaning at the current values of the weights and biases) which can be subtracted from the current location to get the next best step.</div>,What is the goal of backprop?
<div><div>It is a measure of how different two distributions are. It is the expectation of the log difference between the two distributions with respect to one distribution.&nbsp;</div><div><br></div>{{23 1 0.png}}</div><div>By weighting with the distribution we are saying we don't care as much about the differences that are less likely to happen.<br><div><br></div><br></div>,What is the Kullback-Leibler divergence measure?
One reason might be to introduce nonlinearities - but the other reason is to allow more smooth behaviour - we don't want our output of a neuron to suddenly completely flip from 0 to 1 because of a minor change.,Why use an activation function?
This gives us a smoother function that helps us to see best how to change the weights and biases.,When doing classification why use the MSE vs. directly minimizing missclassification?
It allows us to do just one forward and backward pass. It is a quick way of finding the partial derivatives but it also has this added intuitive interpretation of passing backwards the error calculated at the very end.,Why is backprop so fast? What is an intuitive way of explaining it?
<div><div>Looking at a subset of training data before updating parameters. This means you would update your parameters around n/b times if n is the number of training examples and b is the minibatch size.</div><div><br></div><div>One reason to do minibatch is that it could possibly genearlize better because the gradient is bouncing all over and so we are more likely to not get stuck in local mins etc.</div></div><div><br></div><div>Online learning updates after every training example.</div>,<div><div>What is minibatch? Why do mini batch? What is online learning?</div></div>
"<div><div><div><div>Used when the output is a probability for a given classification.</div><div>{{28 1 0.png}}<br></div><div>Why this is useful is that it penalizes predictions for classes that are very confident but are wrong! So if its a very low probability for a given class (all other classes are zerod out) then it will be very high for that observation.</div><div><br></div>The general definition for M&gt;2 classes is given as such:<div><br></div>{{28 1 1.png}}<div><ul><li style=""text-align:left"">M is the number of classes</li><li style=""text-align:left"">c is the class label</li><li style=""text-align:left"">where y is an indicator (1 if for observation o, c is the correct classification)<br></li><li style=""text-align:left"">p is the predicted probability observation o is of class c</li></ul><div style=""text-align:left"">If there are 2 classes then we can simplify it down.</div><div><br></div><div>Cross-entropy was chosen because when you calculate the partial derivatves with respect to the weights and biases what you find is a natural expression that directly relates the error to the partial derivative. Therefore a large error leads to a larger update in the gradient descent algorithm. This is intuitive to our learning because if we are extremely wrong then we want to quickly fix what we need to.</div><div><br></div><div><br></div><div>Cross-entropy should always be used, especially when the activation functions are sigmoid. This is because when we randomly select weights chances are high we will be initially very wrong and have a highly saturated neuron that doesn't update quickly because of the derivative (if we were using MSE). Using cross-entropy however we are able to more quickly improve because there is no activation function derivative in the overall partial derivative.</div><div><br></div></div></div></div></div>",<div><div>Define cross-entropy and characteristics of it. Why was cross-entropy chosen in the first place? When should we use cross-entropy?</div></div>
"<div><div><div>This function goes from R^K to R^K and takes each element of the vector, exponentiates it, and divides by the sum of all elements exponentiated. It is trying to approximate the arg max function if we think of the arg max function output as a one hot vector with a one indicating the position of the max value. If we use the log likelihood cost with softmax then we get a speed up in learning.</div></div></div>",<div><div>What is the softmax function? What function is it trying to approximate? What cost function should we use with it?</div></div>
It has been conjectured that the dynamics of gradient descent learning in nets have a self-regularization effect.&nbsp;,Why do neural nets not overfit worse than they do? (Lots of parameters to amount of data should imply terrible overfiting problems).
"We set up the network we want. Then when we train we drop some percentage of the nodes for a given layer (for arguments sake say we drop half). Then we update our weights and biases using this modified network. We then replace the removed nodes and pick another random set of nodes to remove, update the weights, and so forth. When we go to apply the actual complete neural network we divide the weights by half since there will suddenly be twice as many weights going into the next layer then was originally trained for, leading to a higher activation than expected.<div><br></div><div>We can think of this as an ensembling method because we are essentially combining the results of lots of neural networks.</div><div><br></div><div>It makes sure tha tthe model is robust to the loss of any individual piece of evidence</div>",What is dropout (how does it work) and why does it improve the network?
"<div>Early stopping (looking at a validation set and finding when the accuracy becomes saturated), increase training data (we'll still overfit on the training set but not as bad), L2 regularization (just add the l2 norm on our weights in the cost function with a regularization parameters so that our network learns smaller weights), L1, dropout, and artificially expanding the training data.</div>",What are some regularization methods in neural networks?
We take images for example and rotate them and so therefore exposing them to more types of images to make the model more robust.,How is artificial training data a regularization method?
"<div><div>A network with small weights won't change as much with new input (similar to a linear model vs. a crazy polynomial) and therefore it might generalize better. If you had a weight that was too large but doesn't see action much it could bias the model.</div><div><br></div><div>When you do the gradient descent algorithm with the regularization term we can see that it will decrease the weights and then add the gradient, thus the name weight decay. The weights can still grow if they overcome the regularization but not as fast.&nbsp;<div><br></div><div>The other benefit to all this is more replicable results. If we don't do regularization then we get more unpredictable results depending on our training data because the weights can eventually get really large and pretty much point in the same direction and get stuck in a local minimum. By keeping them small we can explore better.</div></div></div>",Why does L2 regularization work in neural nets and how to think about it? What are some other benefits of it?
The region of the input image associated with the hidden neuron,What is a local receptive field from CNN's?
"<div style=""text-align: left;"">1. We take the image and create whats called a local receptive field (might be 5x5 pixels for example. This might start in the top left corner for example and shift over by one pixel (might be more, called the stride length). Each shift is associated with one hidden neuron.<br>2. Each hidden neuron will have the same weights and biases. Might be an edge detector for example. We call this a feature map, meaning each feature map is defined by 5x5 shared weights and a shared bias.<br>3. Create multiple feature maps each with shared weights.</div><div style=""text-align: left;"">4. We then do a pooling layer on the convolution layer to simplify the info. Might look at a 2x2 region and take the max for example. The idea is that the max may be sufficient in describint whats going on in that region. Do this to each feature map seperately.</div><div style=""text-align: left;"">5. Might add on a output layer at the end that predicts which class.</div>",Describe how CNN's work
<div><div><div><div>Backprop is meant to update after every training example because we are comparing the output vs a single y. We are finding the gradient at each example that is what backprop gives us. We can take the gradients of the loss function for each example and then average them which will give us the appropriate gradient of the averaged loss function. You need this if you want to do mini batch for example. That’s really the main reason&nbsp;</div></div></div></div>,Why does the loss function need to be an average?
