back,front
Take B bootstrapped samples (from a dateset of n examples sample with replacement n datapoints and do that B times) and build a model on each bootstrapped dataset. Then average all of these. The variance should go down.,How does bagging work?
Same thing as bagging but for each tree's split we only look at a subset of the variables in order to reduce the correlation down between trees. This is because if there are few good variables for predicting they will consistently be chosen and we want to reduce that consistency. The mathematical reason for this is that while bagging reduces variance it assumes i.i.d. models but the truth is they are only i.d. and so the variance includes correlation in there.,How does random forest work?
lasso is the l1 norm and tends to zero out coefficients and so is a form of variable selection. Ridge is the l2 norm and reduces large coefficients to reduce overfitting,What do ridge and lasso regression do?
"Linear, independent for a given x the ys are independent, normal errors, equal variance",What are the linear regression assumptions?
"In the case of spam, out of all the ones we predicted as spam, we better hope that we got almost all right.",Why would we be interested in maximizing precision?
"Out of all the sick patients out there we want to make sure we get all of them, or as many as we can.",Why would we want to maximize recall?
If there are fewer columns than rows full rank means each column is linearly independent of each other,What is full rank mean?
take beta coefficients and divide by se,How do you calculate the tvalue in a linear model?
n-p-1 where p are the number of predictors&nbsp;,What are the degrees of freedom for a t distribution in the linear model?
Take 2 times the log likelihood of the saturated model minus your model and that follows a chi squared with degrees of freedom n-p. If this is big that implies the saturated is a lot better. So we reject the null that they are the same,What is the deviance in logistic regression?
Train one vs all and get confidence scores or train one vs one and choose highest vote&nbsp;,How to handle multi class?
"
		
	
	
		<div class=""page"" title=""Page 5"">
			<div class=""section"">
				<div class=""layoutArea"">
					<div class=""column"">
						<p><span style=""font-size: 11.000000pt; font-family: 'HelveticaNeue'"">Divide your data into training (60%), testing (20%) and validation (20%) sets<br>
Build a quick model on the training data and evaluate its performance on the testing set
Try other models, fix over/underfitting, etc<br>
At the end, score model on validation set&nbsp;</span></p>
					</div>
				</div>
			</div>
		</div>","
		
	
	
		<div class=""page"" title=""Page 5"">
			<div class=""section"">
				<div class=""layoutArea"">
					<div class=""column"">
						<p><span style=""font-size: 11.000000pt; font-family: 'HelveticaNeue'"">Outline how you would solve a general machine learning task<br>
</span></p>
					</div>
				</div>
			</div>
		</div>"
"
		
	
	
		<div class=""page"" title=""Page 6"">
			<div class=""section"">
				<div class=""layoutArea"">
					<div class=""column"">
						<p><span style=""font-size: 11.000000pt; font-family: 'HelveticaNeue'; font-style: italic"">Depends on whether one is performing regression or classification
</span></p>
						<p><span style=""font-size: 11.000000pt; font-family: 'HelveticaNeue'"">Confusion matrix
Accuracy
Precision/recall
R-squared&nbsp;</span></p>
					</div>
				</div>
			</div>
		</div>","
		
	
	
		<div class=""page"" title=""Page 6"">
			<div class=""section"">
				<div class=""layoutArea"">
					<div class=""column"">
						<p><span style=""font-size: 11.000000pt; font-family: 'HelveticaNeue'"">How do you measure a model’s quality?&nbsp;</span></p>
					</div>
				</div>
			</div>
		</div>"
more data. Cross validation. Jitter. Regularization like lasso,How to avoid overfotting?
mean regression them or use them as a feature,How to deal with missing values?
"<div><div>Stratified sampling (this weights those partitions higher that we are low on in examples by taking more sample from that partition), weight the fewer classification higher, remove examples, use F1 metric which is 2*precion*recall/precision+recall</div></div>",What are some ways of dealing with an unbalanced classification problem?
"First of all MSE has some nice properties such as a derivative that make it useful when evaluating models. The main difference to be aware of between the two is that MSE is going to weight errors that are further away, heavier, because of the square. This could be good or bad - good if you want to penalize heavily very far off errors, and bad if they are outliers. In this latter case it might be best to use MAE",Why use MSE vs. MAE or vice versa?
"FP/(FP + TN), the probability of a false alarm",How is the false positive rate defined and what is it measuring?
"TN/(FP + TN) , specificity",How is the true negative rate defined and what other names describe it?
"From the ideas of LIME, we can assess the features of the model for individual instances and see which features are most important. Using accuracy alone can be problematic when the top features have nothing to do with what we want.",Besides using a hold-out set what is another way of determining which model to select?
This is when you have data that is helping you make your predictions that you realisiticly wouldn't have if the model were deployed. Data shift is when your training data is different than you testing data (think geo features).,What is data leakage and data shift?
"For a given instance, simply take the proportion of trees that vote for a given class.",How do you get probabilities for a random forest?
"<div>We want to know P(C_k|x1, x2, ..xn). Using bayes rule we have P(C_k)P(x1,x2,...xn|Ck). We assume that these features are independent (a naive assumption) and write P(C_k)P(x1|Ck)P(x2|Ck) etc.&nbsp;&nbsp;</div><div><br></div><div>The prior can be calculated by just taking the proportion of each class in the training set.&nbsp;</div><div><br></div><div>The likelihood is a little trickier. We essentially need to make assumption for the distribution of each feature. For discrete data this might be the bernouilli or multinomial. For continuous it might be Gaussian.&nbsp;</div><div><br></div><div>Ex: for Gaussian we calculate the parameters of each distribution separately. So take x_1. Find the instances that are classified as C_1. Then estimate \mu and \sigma (Bessel corrected) using those instances. Do this for each feature, and for each class.</div>",<div>What is naive about naive bayes? How do you choose your prior and likelihood functions (for each feature)?</div>
"Quantifies the ""amount of information"" obtained about one random variable through ovserving the other random variable. Determined how different the joint distribution of the pair (X,Y) is to the product of the marginals X and Y<div><br></div><div>Formally defined as:&nbsp;</div><div>{{23 2 1.png}}<br></div><div><br></div><div>{{23 2 0.png}}<br></div><div>It is more general than correlation because it is not limited to real-valued RVs and linear dependence.</div><div><br></div><div>Also known as information gain<br><div><br></div><div><br></div></div>",What is the mutual information between two random variables? How is it related to correlation?
"<div>The probability that a random positive example is positioned to the right of a random negative example.</div><div><br></div><div>The more technical explanation would be to score each of your instances (typically in a validation set), rank them by score, and steadily move the threshold (determining what is a 1 or a 0) from 1 to 0. At each threshold value calculate the recall (true positive rate) on the y-axis and the false positive rate on the x-axis. The function we are dealing with goes from R^1 to R^2 where the input is the threshold valud.&nbsp;</div>",<div>What is the probabilistic interpretation of AUC? What is the more technical explanation?</div>
<div>For each example in out training set we pass it through the different decision trees that were created using bootstrapped datasets that do NOT contain the current example. We get a majority vote as prediction on these different trees and then do this for each row of the training set. We then compare to the truth.</div><div><br></div><div>It really only makes sense to do this if you are low on data and can't afford to set aside a validation set.</div>,What is the out-of-bag error with regards to random forest?
Logit is simply the log odds so logit(x) = log(x/1-x). Sigmoid is the inverse of the logit and can be written as 1/(1+e^(-x)),What is the logit function look like? What is the sigmoid function look like? What is their relationship?
"<div><div style=""text-align:left"">*assumptions in bold</div><div style=""text-align:left""><br></div><div style=""text-align:left"">Using the GLM framework we <b>first assume that Y_i is distributed as a Bernouilli RV </b>with parameter p_i:</div><div style=""text-align:center"">Y_i~Bern(p_i).</div><div style=""text-align:left"">We then relate $p_i$ to the <b>linear component</b> by:</div><div style=""text-align:center"">logit(p_i)=X_i \beta</div><div style=""text-align:left"">We then use maximum likelihood and assume all <b>instances are independent</b> to write:</div><div style=""text-align:left""><br></div><div style=""text-align:center"">f(Y|\beta) = \prod (1-p_i)^(1-y_i) p_i^y_i</div><div style=""text-align:center""><br></div><div style=""text-align:left"">We find however that taking the derivative and setting to 0 cannot be done algebraicly so we use a iterative method such as Newton-Raphson.</div><div style=""text-align:left""><br></div><div style=""text-align:left"">Note that the probabilities are different for each instance. Therefore when we get new data (our x_i's) then we can calculate the probability y_i is a 1.&nbsp; Related to this we can get a sense of how the different features affect the probability of Y_i being 1 by putting in a row with all zeros except for a 1 in the position corresponding to the feature we are interested in. This attempts to get at how the particular features affect the probability of a 1.</div></div>",How is logistic regression derived?
"<div><div>See how you perform on your validation set and if you are performing worse then you are possibly overfitting. Add in regularization, reduce features, increase data, add in noise into your training data, do a technique called dropout for neural nets but also applied to boosted trees, reduce complexity of the features.</div></div>",<div><div>How to assess overfitting? How to reduce overfitting?</div></div>
"<div><div>Log-loss is defined as:<div><br></div><div>sum over i of [-y_i*log(p_i) - (1-y_i)*log(1-p_i)]</div><div><br></div><div>This is associated with logistic regression, just the negative of the maximum likelihood.</div></div></div><div><br></div><div>Note that log loss is just the binary form of cross entropy</div>",What is log-loss? What is it used for?
"E[-log(P)], the higher this is the more randomness there is in the random variable. Entropy is the measure of the unpredictiability of the state or equivalent its average information content.&nbsp;",What is entropy?
"<div style=""text-align: left;"">A decision tree is a bunch of nested binary splits that divide up the space into different areas. We then assign a constant to each area.&nbsp;</div><div style=""text-align: left;""><br></div><div style=""text-align: left;"">We have a loss function we are trying to minimize and the optimal solution would be to try all possible binary splits to minimize this function (over the training set). This splitting requires going over all possible features and threshold values for each split and essentially building all possible trees. However, this is impractical and so we take a greedy approach where at each split we choose the current best feature and threshold that minimizes the loss function</div><div style=""text-align: left;""><br></div><div style=""text-align: left;"">The question then becomes when do you stop. One criterion could be stop when the loss function does not decrease enough for a split. This is suboptimal though (proven emperically) because you might have a weak split at one level (meaning you stop) but there is a potential really good split at the next level.&nbsp;</div><div style=""text-align: left;""><br></div><div style=""text-align: left;"">A better approach is to grow out the tree completely (grow until there are certain number of points at each leaf node) and then prune it back. This pruning process seeks to minimize a function that defines the error in the terminal nodes and includes a complexity parameter over the number of leaf nodes. This parameter can be chosen by cross validation.</div><div style=""text-align: left;""><br></div>",How does a decision tree work?
<div>it makes it hard to determine which coefficients are most important because it inflates the standard erred. The way to check this are VIFs and pairwuse correlation.&nbsp;</div>,<div>What are the effects of multi collinearity? How do you check for multi collinearity?</div>
"<div>Cross-entropy is&nbsp;{{33 0 0.png}}</div><div>Remember that the sum is over all labels <i>for a given observation</i>. Think of it as a dummy variable, 1 for one label and 0 for the rest. The probabilities will be over all of those labels so if we are high on a false label, then we will be low on a the true label which will make the loss higher.&nbsp;</div>",What is cross-entropy?
"<div>Feature selection might include mutual information, forward/backward step wise selection, lasso regression.<br><br>Variable reduction might include the above techniques but also PCA and tsne.</div>",What are some feature selection techniques? What are some variable reduction techniques?
<div>Entropy is defined as:<div>-sum_i (P_X(x_i) log_b P_X(x_i))</div><div><br></div><div>This is measuring the average rate at which information is produced by a stochastic process. We get more information out of a lower probability number showing up than a higher probability number. The highest entropy is when we have an equal balance of classes.</div><div><br></div><div>This is related to cross-entropy but instead of P in the log we have Q (hence the word cross referring to two different distributions). We use the cross entropy in terms of a loss function as well where the probability is replaced with the actual class indicator.</div></div>,What is entropy? What is the relation to cross-entropy?
"<div>This is the entropy of the parent node subtracting the <i>weighted</i> average entropy of the children nodes. The parent node should have a mix of classes (therefore a high entropy), and the children nodes should have more pure nodes therefore a lower entropy. We therefore want to maximize the difference between these.</div>",What is the information gain in decision trees?
"<div>LightGBM uses Gradient based on side sampling - saves the instances with high gradients (I'm assuming instances that have a high gradient according to the loss function) and takes a random sample of instances that have small gradients. These high gradient instances are important for reducing the loss.<div><br></div><div>The other is leaf-wise growth strategy. This allows for more flexible trees (instead of doing level-wise growth you split based on the best leaf instead of splitting each leaf level by level). This makes leaf splitting more likely to overfit but with large datasets this isn't as much of an issue so we like the flexibility. Both now use this. Note that both leaf wise growth and level-wise growth will eventually lead to the same tree, its just that leaf wise growth is concentrating on the nodes that will reduce the loss the most and so it more quickly gets to a better tree on the training dataset (and therefore more likely to overfit). This implies that leaf-wise growth can happen at any level, doesn't have to keep going down and down levels.</div><div><br></div><div>Another that both use is binning in order to be quicker at determining split points.&nbsp;</div><div><br></div><div>Exclusive Feature Bundling - this essentially bundles features together that are never non-zero together, reduces the dimensionality of the problem. LightGBM uses this.</div><div><br></div><div><br></div><div><br></div><div><br></div></div>",How do we get a speed up with LightGBM and XGBoost?
One of the more common ways of doing this is using the Gini importance. This is done by calculating for each node the following:<div><br><div>Gini impurity of root node (weighted by number of instances in node) minus gini impurity of one branch minus gini impurity of the other branch (both weighted).&nbsp;</div></div><div><br></div><div>Call this value x_i where i indexes each split in the decision tree. Then since each split is associated with a feature we add up all the x_i's for a given feature and divided by all x_i's over all features. We do this for each feature and then we can normalize between 0 and 1 for each feature by dividing by all the summed feature importances.</div><div><br></div><div>This is then applied to random forests by averaging over the trees for each feature.&nbsp;</div>,How to get feature importance from a decision tree?
<div>Same idea as the information gain but instead of entropy we use gini impurity which is defined as:</div><div><br></div><div>sum_i (P_X(x_i) (1- P_X(x_i))</div><div><br></div><div>This sum is over the <i>classes</i>&nbsp;in the node. The probabilities are estimated using the proportions. Another cool way to think of the gini impurity is the probability of being wrong (think of the law of total probability and that 1-P_X(x_i) is the conditional probability.</div><div><br></div><div>gini gain is just the difference between the gini impurity of the parent and the <i>weighted </i>average of the gini impurity of the children<br><div><br></div></div>,What is the Gini Impurity and Gini Gain?
"It deals with it quite naturally actually. The instances are directed to the different children nodes according to some feature. Those children nodes will have potentially muli class instances. We classify the instances in that node with the majority class, or split again.",How do decision trees deal with multi-class output?
"<div><div><div><div style=""text-align:left"">Pros:&nbsp;</div><div style=""text-align:left""><ul><li>They automatically take into account interactions<br></li><li>Can model nonlinearities better</li><li>Can be interpretable, can be visualized</li><li>Able to handle numerical and categorical data</li><li>Able to handle multi-output problems</li></ul><div>Cons:</div><div><ul><li>High variability (therefore more likely to overfit)</li><li>Naturally piece wise functions (a 45 degree line could be optimal but DT would have a hard time with that)</li><li>Can be biased in imbalanced datasets because each split will try and find pure nodes which may be biased (called frequency bias) towards the majority class. However, it depends on the data because if there is a region that has the minority class almost exclusively it may be able to find that.</li></ul></div></div></div></div></div>",<div>What are pros and cons of decision trees?</div>
"<div>When we use roc on an imbalanced dataset our ability to get true negatives can overwhelm how we are doing on the positive examples (think of this as the TPR stays the same at each threshold, but the FPR would increase because the denominator is smaller and so the who curve shifts right). Precision will focus on those positive examples.</div>",Why use precision-recall vs. roc?
"<ol><li style=""text-align: left;"">Undersampling - remove samples from the majority class (random undersampling,&nbsp;</li><li style=""text-align: left;"">Oversampling - generate new samples from the minority class</li><li style=""text-align: left;"">Cost-sensitive learning (change the loss function so that we are penalized more when we misclassify the minority class)</li></ol>",How do you deal with an imbalanced dataset?
Because split points are chosen based on sample proportions it doesn't matter how far they are away.,Why are decision trees robust to outliers in X?
"<div><div><div><div>1. Criterion - how do we determine the split to make? (gini, or entropy) Gini may be preferred since log is slightly more expensive to calculate in the entropy</div><div><br></div><div>2. Max depth - the max depth of the tree. If none then tree goes until all nodes are pure or all nodes have less than the min_samples_split</div><div><br></div><div>3. min_samples_split - the number of samples required to split a node, default is 2</div><div><br></div><div>4. min_samples_leaf - the number of instances that must be in each final leaf when considering a split</div></div><div><br></div><div>5. max_features - the number of features to consider at each split. Most useful for random forest</div><div><br></div><div>6. max leaf nodes - grow tree in best-first fashion (leaf-wise growth, concentrate on nodes that that reduce the loss the most). This parameter will control how many of those leafs to split.&nbsp;</div><div><br></div><div>Other parameters are variations of how to stop.</div></div><div><br></div><div>Can also weight each class if one is more important?</div><div><br></div><div><br></div><div>Return:</div><div><br></div><div>1. predict_proba - just calculate the proportion that are of the same class in the final leaf</div><div><br></div><div><br></div></div>",What are some important parameters of decision trees?
"<div><b>High level</b>: Combines the outputs of many ""weak"" learners (a model that does only slightly better than random) and produces a powerful ""committee"".&nbsp;</div><div><br></div><div><b>Detail:&nbsp;</b>One common approach when approximating functions is to do a basis function decomposition; decompose a function down into more simple functions. This is essentially what boosting is doing, finding simple models that when combined approximate the function.</div><div><br></div><div>The way it does that is to use what is called a forward stagewise additive model. We train an initial weak learner on the training dataset, find the residuals, and then train another weak learner that focuses on the instances we were wrong on.</div><div><br></div><div>There are different flavors of doing this such as AdaBoost, but more common is to use the gradient learning paradigm. We've trained a weak learner and then we subtract a step size and the gradient of the loss function where the loss function is between the training data labels and the weak learner just trained. The next weak learner then approximates that gradient of the loss function.</div><div><br></div><div>Its important to note that it won't fit the loss function perfectly, so therefore there is sort of an automatic prevention of overfitting to the training set.&nbsp;</div><div><br></div><div><br></div><div><br></div>",How does general boosting work?
"<div><div>In that forward stagewise additive paradigm this is using the gradient descent paradigm to accomplish that process.</div><div><br></div><div>{{47 2 0.png}}<br></div><div><br></div><div><br></div><div>Another way to think of it is we train a weak learner, get the residuals, see that there is still a pattern within the residuals so train a model on the residuals and add that to the original model and thereby ""correcting"" it.</div></div><div><br></div><div>Note that there is a natural prevention of overfitting because our succeeding weak learners won't fit the loss function perfectly. But in general, since we are using the gradient descent paradigm we have all of the tools available to prevent overfitting (including the descent algorithm itself) but also things like the learning rate, number of trees, dropout (called dart), lasso/ridge, etc.&nbsp;</div><div><br></div><div><b>Parameters to be aware of:</b></div><div style=""text-align:left""><ol><li>Size of trees (num_leaves, max_depth)</li><li>Shrinkage (the step size or learning rate)</li><li>Number of boosting iterations or num estimators (tied together with step size, smaller step size needs more estimators)</li><li>subsample for binning (one of the speed ups for light gbm)</li><li>objective function to use</li><li>class weighting when dealing with unbalanced data</li><li>min_split_gain, min_child_samples: parameters controlling how deep to go on the trees</li><li>l1 and l2 regularization terms</li><li>importance type - could be number of splits a feature appears in or gain - total gain of splits which use the feature.</li><li>If doing stochastic gradient boosting we can choose the number of training examples to look at (reduces the training time and can make it more accurate)</li></ol></div><br>",<div>How does gradient boosting work? What are the parameters to be aware of?</div>
"<div style=""text-align: left;""><span style=""font-family: &quot;Helvetica Neue&quot;; font-size: 12px;"">Mahalanobis distance is calculated by (y-\mu)’ E^-1 (y-\mu).</span><span class=""Apple-converted-space"" style=""font-family: &quot;Helvetica Neue&quot;; font-size: 12px;"">&nbsp; </span><span style=""font-family: &quot;Helvetica Neue&quot;; font-size: 12px;"">This essentially finds how many standard deviations away the point is taking into consideration the covariance structure of the data. We are not only concerned about distance from the mean but also direction</span></div>




<style type=""text/css"">
li.li1 {margin: 0.0px 0.0px 0.0px 0.0px; font: 12.0px 'Helvetica Neue'}
ul.ul1 {list-style-type: hyphen}
</style>


<ul class=""ul1"">

</ul>",What is Mahalanobis distance?
"DON'T Directly compare coefficients, they will be on a different scale, don't compare p-values.<div><br></div><div>Its ok to compare coefficients if all predictors are standardized. Another method is to measure the change in R^2 when a variable is added after all other variables.&nbsp;</div>",How to get feature importance for parameterized regression model?
"<div style=""text-align: left;"">Do a transformation. There are different transformations out there including the log, square root, cube root, etc. Box-cox method can help us find the right power transform.</div><div style=""text-align: left;""><br></div><div style=""text-align: left;"">The way to do this is to first fit a naive model and look at the residual plots. The questions becomes do we want to transform Y, X, or both.&nbsp;<br></div><div style=""text-align: left;""><br></div><div style=""text-align: left;"">X: might lessen the influence of the biggest X's, fix model curvature with respect to X</div><div style=""text-align: left;""><br></div><div style=""text-align: left;"">Y: makes the data linear, remove skew in residuals, aleviate heteroskedacity</div><div style=""text-align: left;""><br></div><div style=""text-align: left;"">Both: The uneven scale might hide the relationship, might make sense to think in multiplicative terms. For someone in th eupper echelons of income 2M vs 2.1M just as 200k vs. 210k is no big deal for someone with lower income.&nbsp;</div><div style=""text-align: left;""><br></div><div style=""text-align: left;"">Advantage with log transform is no negative predictions, even though you might predict something negative on the log scale to transform back its e^prediction.</div><div style=""text-align: left;""><br></div><div style=""text-align: left;"">In regression we have the assumption of linearity, which a log transform might help with, normality of errors, and equal variance, all with transformations can help with.</div><div style=""text-align: left;""><br></div><div style=""text-align: left;""><br></div><div style=""text-align: left;""><br></div><div style=""text-align: left;""><br></div><style type=""text/css"">
li.li1 {margin: 0.0px 0.0px 0.0px 0.0px; font: 12.0px 'Helvetica Neue'}
ul.ul1 {list-style-type: hyphen}
</style>",How to deal with skewed dataset? In linear regression what are we trying to fix?
This is because the False Positive Rate is so low because of the denominator being so high,Why is AUC inflated when we have an imbalanced dataset?
"<div>get probabilities of positive class from each base tree. Since boosting is just a GAM then we relate the GAM to the light function. We add up those separate probabilities and the do sigmoid transform to put between 0 and 1</div><div><br></div><div><a href=""https://stats.stackexchange.com/questions/395697/what-is-an-intuitive-interpretation-of-the-leaf-values-in-xgboost-base-learners/"">https://stats.stackexchange.com/questions/395697/what-is-an-intuitive-interpretation-of-the-leaf-values-in-xgboost-base-learners/</a><br></div>",How to get probabilities from gradient boosting?
