back,front
"data.groupby(['col1','col2']).agg({'SATVRMID':['sum','max'], 'SATMTMID':'max'})",What is the best syntax for group by?
The series index will try and match with the data frame columns,When adding a dataframe to a series with + what is going on internally?
Rename the columns and reset_index the rows,How do you make multi-index into single index?
"An iterable is an object we can iterate through and where all elements of the object are stored in memory. A generator is an object we can iterate through as well, but we can only iterate once because it <i>generates</i>&nbsp;the values on the fly.",What is an iterable vs. a generator?
"Yield is used in place of return in a function. By doing this we create a generator. So for example, instead of returning a list in a function, we might use yield instead and return a generator. When we iterate through that generator it will run the funtion up until the yield statement and then provide that value, but only once.",What does yield do?
"<div>select case when a &lt; 10 then “less” when a &gt;10 then ""greater"" else ""other"" end as case_col from df</div>",How to write case statement in sql?
"select a.col1, row_number() over (partition by col1 order by col2 desc) as row_num from df",How to write a window function in sql?
select count(*) from table,How do you count number of ALL rows in sql?
"<div>data.groupby('prod1').agg({'month':lambda x: x.nunique(dropna=False)})</div><div><br></div><div>'select a.prod1, count(*) from (select prod1, pop1 from data group by prod1, month) a group by a.prod1'<br></div>",<div>How do you count unique values in pandas when grouping? (Including the null values) How do you do this in sql?</div>
avg,What is the average function in sql?
'select prod1 from data group by prod1 having sum(month)&gt;6'<div><br></div><div>select a.* from data a inner join (select b.prod1 from data b group by b.prod1 having sum(b.month)&gt;6) c on a.prod1=c.prod1<br></div>,How do you filter groups in sql? What if you want all the rows back?
"<div>This will do the aggregation over all rows that proceed it and that are ""tied"". This is why you might see 10,10,10, 31,31,31 where the 10's are the sum over group A, 21 is the sum over group B and together its 31 because when we get to that first line in group B we add up all the proceeding rows plus all the rows in Group B giving us 31.</div><div><br></div><div>This behavior is different for something like row_number, its just going to straight out list the row numbers</div>","In a window function what is the default behaviour of ""order by""?"
"row_number is like range, it is successive - rank will give a tie the same number",Whats the difference between row_number and rank?
"select prod1, month, month - avg(month) over (partition by prod1) from data",How to do a standardize by group?
"select prod1, pop1, month, sum(month) over (partition by prod1 rows 2 preceding) from data",How do you do a rolling window of 3 in sql?
"Checks whether a subquery returns any row at all. Usually you are going to connect it to the overall query by doing a where a.col1=b.col1 or something like that. The way to evaluate it is to look at the subquery and ask yourself, when is this true?<div><br></div><div>select * from orders1 where exists (select * from (select * from orders where revenue==100) a where a.order_id=orders1.order_id)<br></div>",What does exists do in a sql statement?
