back,front
Standardize variables by subtracting the mean and dividing by the standard deviation,What is the first step of PCA?
Find the covariance matrix of newly standardized data matrix,What is the second step of PCA?
Find the eigenvalue decomposition of the covariance matrix,What is the third step of PCA?
Multiply the standardized data matrix by the eigenvectors,What is the fourth step of PCA?
This provides a method of diagonalizing the covariance matrix. By transforming the data matrix using these eigenvectors we then will have a covariance matrix with 0's on the diagonal and variance given by the eigenvalues.,How are eigenvalues and eigenvectors involved?
"<div>Principal components are linearly uncorrelated variables that are the result of an orthogonal transformation on the original variables. You can think of that orthogonal transformation as projecting each data point onto the vectors that are in the direction of greatest variability in the data. So for example, the first pc will be the variable that goes along in the direction of greatest variability in the dataset.</div>",What is a principal component?
<div><div>We primarily use it as a dimentionality reduction technique by taking the top principal components that describe a sufficient amount of the variability in the data. Essentially we are finding new variables that are a combination of the old variables to better describe the data and reduce the redundancy in variables or retain the most valuable parts of all the features.&nbsp;</div></div>,Why do we use principal components?
"PCA focuses on keeping the low-dimensional representations of dissimilar data points far apart. This is an issue when you have high dimensional data that lie on a low-dimensional, non-linear manifold since you typically want to keep similar points close together in the lower dimensions which is typically not possible with a linear mapping.","According to the t-sne paper, what is the downfall of linear reduction techniques such as PCA?"
"1/nX_c'X_c (the centered data matrix). The data matrix is going to be nxp (n instances, p features). The covariance matrix will be pxp (the Sigma_ij position will be the covariance between the ith variable and the jth variable). We use the n instances however to calculate the SAMPLE covariance.",What is the covariance of the data matrix?
Decide on k (hyper parameter). Choose three randon datapoints. Calculate the difference between each data poiny and each chosen k-mean. Assign each data point to closest k-mean. Regroup and recalculate means.&nbsp;,How does k-means formula work?
Find probabilities p_ij that are proportional to the similarity of object x_i and x_j in the high dimensional space. This is done by first finding p_j|i which is taken as the similarity of x_j to x_i and is the probability that x_i would pick x_j as its neighbor if neighbors were picked in proportion to their Guassian probability distribution centered over x_i. p_ij is then calculated as (p_j|i + p_i|j)/2N,What is the first step of the t-sne algorithm?
Find a map y_i...n in dimension d that reflects the similarities pij as well as possible. The way it does this is to calculate similar metrics q_ij in the lower dimensions using a t-distribution since the t has fatter tails and will encode disimilar points further away from each other better. The way the points y are found is to minimize the Kullback-Leibler divergence between the two distributions (using gradient descent).,What is the second step of tsne?
"This takes the average intra-cluster difference (a) and the average distance from each sample to another cluster (b) and calculates (b-a)/max(a,b). 1 is a perfect score and -1 is the worse",What is the silloutee metric?
Take two closest samples and merge and keep merging the nearest sample until all are in one cluster. Then view the dendrogram and make a decision on where to cut to create clusters.,What is hierarchical clustering?
correlated variables changed to orthogonal&nbsp;,What is another good reason to use PCa?
"{{15 0 0.png}}<div>If f1, f2 are linear then it is a linear reduction technique. PCA is linear because f1 is a projection onto the first eigenvector.</div>",What does it mean to have a linear dimensionality reduction technique vs. a nonlinear one?
"<div><div>To preserve as much of the significant structure of the high-dimensional data as possible in the low-dimensional map.</div><div><br></div><div><span style=""color:rgb(36, 39, 41);font-family:Arial, &amp;quot;font-size:15px;text-align:left;background-color:rgb(251, 242, 212)"">For high-dimensional data that lies on or near a low-dimensional, non-linear manifold it is usually more important to keep the low-dimensional representations of very similar datapoints close together, which is typically not possible with a linear mapping.</span><br></div><div><span style=""color:rgb(36, 39, 41);font-family:Arial, &amp;quot;font-size:15px;text-align:left;background-color:rgb(251, 242, 212)""><br></span></div><div><span style=""color:rgb(36, 39, 41);font-family:Arial, &amp;quot;font-size:15px;text-align:left;background-color:rgb(251, 242, 212)"">Tsnes goal is to keep similar points close together whereas PCA is a linear transformation.</span></div><div><br></div><div>PCA ""<span style=""color: rgb(89, 88, 88); font-family: roboto, sans-serif; font-size: 15px; text-align: justify;"">It focuses on preserving the distances between widely separated data points rather than on preserving the distances between nearby data points."" this is because the points that are spread out will find themselves on the eigenvector of greatest variability and when it is projected on to that vector it won't be much different.&nbsp;</span></div>{{16 1 0.png}}</div>",What is the aim of dimensionality reduction according to the t-sne paper?
