back,front
the main idea is that the internet was designed to be completely decentralized. TCP is the protocol that says how to send information. The info is split up into packets which are sent one at a time through the network in the most optimal route&nbsp;,How does the internet work in general?
You explicitly give directions in your code to accomplish the task,What is declaritive style?
You give an adderss for example vs. specific directions to get there. In others words you code what you want vs. how you want it.,What is imperative style?
This is a computer program that is at the core of a computer's operating system and has complete control over everything in the system. It connects application software to the hardware of the computer.,What is a computer kernel?
An image is a prebuilt bunch of layered instructions that is portable between computers. These instructions say what operating system we will work in and what applications to automatically downloaded when the image is activated (?). A container puts another layer ontop of this image and all manipulation doesn't go below this container layer. Therefore we can have various containers working on the same image and all have different states.&nbsp;,What is a docker image and docker container?
Hypertext Transfer Protocol is designed to enable communications between clients and servers. Python's requests package uses this when hitting api's.,What is HTTP?
This stands for Uniform Resource Identifier - a string of characters that unambiguously identifies a particular resource. URL is the most typical form.&nbsp;,What is a URI?
"This is the thing that the client is asking for or is potentially updating (webpage, webform, etc.)",In the REST framework what does resource mean?
A computer program that runs as a background process rather than being under the direct control of an interactive user.&nbsp;,What is a daemon?
A process is an instance of a computer program that is being executed. Components are:<div>1. Executable program</div><div>2. Data needed in program</div><div>3. Execution context of the program (state of process).</div>,What is a computer process and what are its 3 basic components?
"This is the file that generates a new docker image that containers can run on. The first line is typically ""FROM"" giving the path to the base docker image (kind of like inheritance?)",Whats a Dockerfile?
This is like pip for python - just a way of downloading packages in linux using the dpkg packaging system.,What is apt-get?
This coan mean hardware or software - if talking about software its the code that directs traffic essentially.,What is a web server?
This is a memory storage technique that stores a small amount of information but that is easier to access more quickly.,What is a cache?
This is a region of your computer's memory that is not managed automatically but gives access to global variables.&nbsp;,What is the heap?
A special region on the computer's memory that stores temporary variables created by each function. Memory is managed automatically. Stack variables are local in natures.,What is the stack?
<div>Threads are contained with processess. A thread is an independent set of values for the processor registers (in the book example it is the page and word you are going to come back to later). A processor can switch between threads giving the impression of multi-tasking.&nbsp;</div>,What is a thread?
"The CPU is the brains of the computer. It fetchs data from RAM, and performs the boolean calculations, etc. A CPU can be made up of multiple cores which is effectively multiple CPU's",What is the CPU and what does it do?
"<div>Stores data in a columnar format. This can make things much quicker if we are for example looking to get all rows with sales&gt;$500 - instead of reading in things row by row and then checking the sales column, we can instead read in just the sales column and find which records to keep. Because columns are spread out we can use parallelization and also compression is better.</div>",What is a parquet file?
"The Entrypoint is the initial command that the Docker container will start at, CMD is anything after that.",What is the difference between ENTRYPOINT and CMD in a Dockerfile?
