back,front
"For a i.i.d. random sample X_1, X_2, ..., X_n where X_i has mean mu and sd sigma, then X_bar is distributed as a N(mu, sigma^2/n).&nbsp;",What does the Central Limit say?
"This is the distribution of X_bar. Imagine taking many, many samples from the distribution of X and averaging each sample and plotting those averages on a histogram.",What is the sampling distribution?
This is essentially how many standard deviations away from the true mean a sample mean is. It is given by X_bar - mu/(sigma/sqrt(n)),What is a z-score?
This is when we reject the null hypothesis when it is actually true. The probability of this is alpha. This is also the false positive finding (positive referring to how we reject the null and say there IS an effect. If the null is true then the two means for example should really be equal.),What is a type 1 error and what is another way to say it?
A type 2 error is when we fail to reject the null hypothesis when we should have. This is represented as beta. This is also referred to as a false negative (negative referring to the fact that we found no difference between the means for example).,What is a type 2 error and what is another way to say it?
You use Bonferroni when you are doing multiple tests at once (for example between two groups you test the difference between multiple features). The correction is to take your alpha level and divide it by the number of tests or alpha/n,When do you use the Bonferroni correction and what is it?
"If you think in terms of the central limit theorem our variance between the null distribution and the alternative gets smaller and so we pick up on effects. Imagine flippin 1 million coins. If we got 520,000 tails we'd feel more confident the coin is biased vs. if we flipped 100 coins and got 52 tails.&nbsp;",Why do statistical significance tests pick up small effects when dealing with big data?
Each element of the matrix gives the covariance between the ith element and jth element of a single random vector. A random vector is a random variable with multiple dimensions.,What is a covariance matrix?
Same thing as covariance matrix but between two different vectors,What is the cross-covariance matrix?
{{9 0 0.png}},How to calculate power?
f_y = fx(g^-1(y))|d/dy g^(-1)(y))|<div>0 otherwise</div>,Transformation of Y=g(X)?
x_bar +- t sqrt(s2/n + s2)<div><br></div><div>We add in the extra s2 because that is the variance of the observations but this assumes independence between mean individual variance of sum&nbsp;</div>,What is the formula for the prediction interval?
between groups variance/within groups variance,What is the F-test?
the total degrees of freedom are n-1 and for t stat it’s n-p. For f it’s p-1 on top and n-p on bottom&nbsp;,What are the total degrees of freedom and for f test and t test?
the joint disr,What do you need to find p(x&gt;y)?
this is when you have a before and after in the same group. You take the differences of each subject and then do a one samba t test,What is a paired t test?
E(e^Xt),What is the moment generating function&nbsp;
<div>correlation is the same&nbsp;</div>,<div>What happens to correlatione when we scale and add?</div>
(volume)^2/(n-1)^p where the volume is the box formed by x_(1)....x_(p) (the features),What is generalized sample variance?
Significance level,What is alpha in stats tests?
That is the value associated with \alpha that tells us when to reject/accept null hypothesis.,What is the critical value?
"This is a probability density function but where the input is a paramter, not a data point.",What is the likelihood function?
This makes it unbiased. We can also think of it as dividing by the degrees of freedom which is really n-1. Called Bessel's correction,Why should we divide by n-1 instead of n when calculating the sample variance?
"<div>Whether the two random variables we have samples for are drawn from the same distribution. For example, if we have samples from group A and samples from group B we can calculate the difference between the two averages and save that value. Then we mix up the labels of the samples and calculate the differences to create a distribution. We can then calculate a p-value on that distribution with the true difference that we saved.</div>",What is a permutation test trying to get at?
Plot the distributions for a couple of variables and see if they are roughly the same. You can also do a permutation test where you group everything together and see if the difference between groups on the variables we aren't testing are the same?,How to check if assignment to various buckets in A/B test are random?
To see if the sampling algorithm is truly random because if it is random we shouldn't see any significance results between the two buckets.,What is the benefit of doing an A/A test where we put into random buckets but give the same exact treatment?
Have one control and many treatments and make pairwise comparisons with the control group using a Bonferroni correction.,How do we do an A/B test with many variants?
Maximum a posterior - MLE is a MAP when the prior is uniform. Method of moments&nbsp;,"What is MAP, MLE, and MOM?"
Yes for inference since we are trying to estimate a parameter. For predictive modeling we priortize generalizability and if we are too unbiased this could mean the variance is high (between training sets) which could mean our genearlizable error is high.,Do we want unbiasedness for a parameter in inference? What about for predictive modeling?
<div>bayes treat to parameter of interest as a random variable. &nbsp;Frequentists treat it as fixed and probability as the long term frequency of something. We then compare the fixed value to the long run behavior of the the value (meaning in the long run it would be extremely unlikely possibly to get this value so we reject).</div>,Explain differences between Bayes and frequentist
<div><div><div><div><ol><li>Randomization (to make sure the groups are similar)<br></li><li>Independence (independence between groups and within groups) If this assumption is violated then you could have skewed results.</li><li>Normality (even t-tests assume this since it assumes that X_bar is normal.) T-test assumes s^2 follows a chi-squared distribution</li></ol></div></div></div></div>,<div>What are the three assumptions for using t-test or z-test?</div>
We take the variance of the betas which we find to be sse/n-p multiplied by (x’x)^-1 and take the diagonal &nbsp;then we go betahar divided by those variances&nbsp;,How do we find the Tstats for each beta?&nbsp;
{{32 0 0.png}},Derive normal equations from error
When calculating the bias of the statistic by dividing by n-1 we make it unbiased. The bias comes from subtracting each sample value from the ESTIMATED mean,<div>Why do we do bessels correction?</div>
"We do a one sample test only if we don't care about the other direction. If we do simply greater than for example and the test fails, we don't know if it was just as good or worse than. If we do care about either direction then we should do a two sample t-test",When to do a one sample test vs. a two sampled test?
"We do this when our normality assumption is violated for the t-test. However, if n is large enough then the central limit theorem will apply and it may not be as big of a deal. If there are unequal variances then use the welch test.",When do we use the rank sum test vs. the t-test?
If we feel our data is not normally distributed and our n is small. This is used in the <i>paired </i>t-test scenario.,When to use the Wilcoxon-signed rank test?
<div>This is when the variances of the two samples are different.</div><div><br></div><div><br></div>{{37 1 0.png}},What is Welch's t-test?
A result that is unlikely due to chance. Doesn't necessarily mean practical significance.,What is the high level interpretation of statistical significance?
"<div><div>The probability that we reject the null hypothesis given our alternative is true. This is defined as 1-beta. We can also think of it as the probability we get a statisticaly significant result assuming the alternative is true. The probability the test finds significant results.</div><div><br></div><div>The power is related to sample size, effect size, and signficance threshold. Something for me to keep in mind is that type 2 and and type 1 error are almost independent from one another. Type 2 error is with respect to the alterhative hypothesis whereas type 1 is with respect to the null distribution. So I think the way to look at the power is another measure of how good our statistical test is. With larger sample sizes our type 1 error doesn't change because that what our test is controlling for. However, the type 2 error will change and so we would prefer tests with higher power.&nbsp;</div><div><br></div><div>The way we use power is throgh power analysis where we see how many samples we need to reasonable deted some effect size or with a certain sample size budget do we have reasonable power?&nbsp;</div></div>",<div>What is power? Why do we care about it?</div>
This is where you take each predictor and regress it on the other predictors. You then get the R^2 from that model and calculate 1/(1-R^2). So if X is independent of the other predictors then R^2 will be low and VIF will be close to 1. If it is related then R^2 will be high and so will the VIF,What are variance inflation factors?
"<div>beta hat is distributed normal since it’s a linear combo of the normal. We can standardize it (subtract the true beta coefficient and divide by the standard deviation of the distribution of beta) we end up with a standardized normal. We can then assume out true beta coefficeint is zero and do a statistical test.</div><div><br></div><div>However, our standard deviation is an estimate that is distributed as a chi square, and a normal divided by a chi-square gives a t distribution. The n-p degrees of freedom comes from the estimate of the standard deviation. Normally its n-1 for other degree of freedom scenarios, but we are estimating p parameters here, and so we divide by n-p to keep the estimate unbiased.</div>",Why is the beta hats In regression t distributed
"<div><div>The issue with multicollinearity is that it makes the individual estimates of the coefficients more uncertain. This is because the standard error of a beta coefficient can be written in terms of the VIF of that coefficient and so if those are high (meaning X_j is correlated with the others) then the standard error will be high and we will be less certain of the actual coefficient.</div><div><br></div><div>Intuitively the interpretation of the model is lost because we say as you increase by one unit, <i>holding all else constant, </i>then the dependent variable does blah. However, if the predictors are correlated, its hard to hold all else constant.<br><div><br></div><div>This is one way you diagnose it, if you take out another correlated coefficient and you see a large swing in the other coefficients.&nbsp;</div><div><br></div><div>Some solutions are to remove coefficients that are correlated, PCA, etc.</div></div><div><br></div><div>Its not an issue when it comes to prediction however.</div></div>",What are the issues with multicollinearity in regression? How do we diagnose it? What are some solutions?
"If they show a pattern it means your linear model is underspecified, its biased, you are missing out on other variables.",Why check residual plots?
"<div><div><div>This is the coefficient of determination. It estimates the fraction of the variance in Y that is explained by X in the regression.&nbsp;</div><div><br></div><div>You can also think of this as the sample squared correlation between (the difference in observed and grand mean) and (the difference between regression line and grand mean), which is the Pearson correlation coefficient between the observed y and the predicted f, where f has an intercept term.</div></div><div><br></div><div>R^2 should be between 0 and 1 but sometimes do to computations can be negative.</div><div><br></div><div>R^2 will always improve with more predictors so adjusted R^2 will penalize on the number of predictors.&nbsp;</div></div><div><br></div><div><br></div>",<div><div><div>What does r^2 represent? Alternative interpretations? What are some downfalls? What is the adjusted R^2?&nbsp;</div></div></div>
"R^2 being high enough is dependent on the domain. Some domains will just inherently have more unexplainable variance, so in this sense a low R^2 might not be terrible (for example in human behavior studies).&nbsp;<div><br></div><div>Really the question should be if our main goal is interpretation or prediction. If interpretation the R^2 is less relevant. We instead care if the model makes sense with our data.</div><div><br></div><div>If it is prediction however, we may care more. A better question to ask however is if the prediction intervals are precise enough for the domain.<br><div><br></div><div><br></div></div>",When is R^2 high enough?
<div><div><div>Ssr/(p-1)/sse/(n-p)</div></div><div><br></div><div>Sum of squared error is the squared difference between the point and the model. Sum of squared regression is the difference bewteen the model and the grand mean (between groups variability).</div></div><div><br></div><div>Two chi squared divided by each other</div>,What is the f test for regression?&nbsp;
"Residual plots, Q-Q plots of residuals (comparing theoretical position and actual), F-test, R^2, AIC",What are some other regression diagnostics?
"<div>I think its best to think of a confidence interval as a the theoretical probability around the parameter of interest. To get to that though its insightful to think of it first in terms of the test statistic and use the test statistics distribution for a given confidence level. For example, with the t statistic:</div><div><br></div><div>P(-c &lt; T &lt; c) = 0.95</div><div><br></div><div>where T = (X_bar-\mu)/sqrt(s^2/n)</div><div><br></div><div>rewriting this we would have:</div><div>P( X_bar - sqrt(s^2/n)*c &lt; \mu &lt;&nbsp; X_bar + sqrt(s^2/n)*c) = 0.95</div><div><br></div><div>This is in theoretical land however, everything above is valid. When we take an actual sample however, we have to go to that frequentist interpretation which is that the true value \mu is either <i>in or not in </i>the CI,&nbsp;but over repeated sampling it will be in 95% of those intervals.</div><div><br></div><div><br></div>",What is a confidence interval and how do you interpret it?
"<ol><li style=""text-align: left;"">Continuous: Pearson correlation<br></li><li style=""text-align: left;"">Two ordinal, categorical: Spearman - this is a correlation based off of ranks (measuring if there is a monotonic relationship). Equivalent to the Pearson correlation if calculated on the ranks of the variables.</li><li style=""text-align: left;"">Two nominal variables: Chi squared test</li><li style=""text-align: left;"">Cont. and binary: point-biserial correlation coefficient, equal to Pearson</li><li style=""text-align: left;"">Binary variables: Phi coefficient, a Pearson between two binary variables returns the phi coefficient</li></ol>",What is the correlation called between two continuous variables? What about two ordinal categorical variables? What about two nominal variables? What about between continuous and binary? What about between two binary variables?
"<div><div>Tests if two categorical variables are independent from one another.&nbsp;</div><div><br></div><div>The null hypothesis is that they are independent. The alternative is that there is an association.&nbsp;</div><div><br></div><div>The way we do this test is to build a contingency table. So say we have variable that has three categories and another variable that has two categories. We would then create a 3x2 table where the entry in each cell is the number of instances that have that combination. Then we calculate the marginal counts and get the marginal probabilities. We then calculate the expected value for each cell by taking the joint probability (the marginals muptiplied together since we are assuming independent) and multipliying that probability with the total count.</div><div><br></div><div>We then take the square of the observed - expected divided by expected and add those up for all cells. If this is large then we would get a low p-value and then reject the independence assumption (the notion that we can multiply our marginals together). DF are (rows - 1)(columns - 1) which is confusing to me since a chi squared is derived from adding up how many normals so should be rows*columns in my book.</div><div><br></div><div style=""text-align:left"">Assumptions include</div><div style=""text-align:left"">1. random sampling</div><div style=""text-align:left"">2. the expected value must be 5&gt;</div><div style=""text-align:left"">3. Independence</div><div style=""text-align:left""><br></div></div>",What is the Chi-square independence test?
"This is defined as the third standardized central moment. A skew of 0 means a symetrical distribution. Exponential, which is really skewed has a skew of 2.",What is skewness?
<div><div>Both tests require that the distribution be roughly normal. This is determined if n&gt;30 because of the central limit theorem we feel comfortable. If n&lt;30 then we don't feel comfortable and need to use the rank-sum test.<div><br></div><div>The main differentiator between these two however is if we know the true standard deviation or not. If we do then use the z-test. Most times we don't though. In that case we use the sample standard deviation. Since there is an unknown component to that however we treat the sample variance as coming from a chi-squared distribution with degress of freedom n-1. A normal divided by a chi squared distribution is a t distribution.&nbsp;</div></div><div><br></div><div>The reason its a chi-squared distribution is because its a sum of squared standard normals.</div></div>,<div>When do you use the t-test vs. z-test?</div>
<div>This is when you have a variable YOU DID NOT MEASURE that explains the two variables you did measure (Age affects Shoe Size and Literacy Rate). The causation relationship is between age and the two variables and the correlation is between the shoe size and literacy.</div>,What is confounding?
"<div><div>You use this test is you can't claim normality on your data. The assumption is that your data is independent still and although not normal have the same shape.</div><div><br></div><div>Tests whether the two samples were selected from the same distribution.<br><div><br></div><div>To do this test you combine the two groups together and rank them from smallest to largest. If there is a tie you assign the same ranking (3.5 for example) to each one.&nbsp;</div><div><br></div><div>For the smaller one calculate R1 which is just the sum of the rankings. Then calculate Us which is R1 - n1(n1+1)/2 or the total ranking it all of the values from the one sample were at the beginning.&nbsp;</div><div><br></div><div>We then compare this to the empircal distribution of all possible ranking values, the permutations. For large samples this goes normal.&nbsp;</div></div></div>",How does the rank sum test work or the Mann-Whitney Test?
