back,front
"All machine learning algorithms perform equally, averaging across all problems.&nbsp;","What is the ""no free lunch theorem""?"
The data and the assumptions. Treat assumptions as a first class citizen.,What are the two parts of any maching learning poblem that Chis Bishop mentions in his podcast?
<ol><li>Only have finite variables to model the relationship</li><li>Only have a limited amount of data - don't have data for all range of dependent variable or independent variable.</li></ol>,Why do we use a probability distribution to represent the relationship between dependent and independent variables?
<div>We have limited data so more features could be tuned to fit the specific training data. This is related to curse of dimensionality (need more data for more variables).</div>,If the more features we have the closer to a deterministic relationship why don't we necessarily want more features?
This is the optimal decision rule to make when we have a simple 0-1 loss function. This is the theoretical best we could do for a given distribution.,What is the Bayes classifier?
{{5 0 0.png}},What does the Bishop Bayes classifier picture look like?
The true class label and the predicted class label are random variables and so we can't calculate the loss function on variables we don't know the value of.,"When looking at the decision theory, why do we minimize the expected loss function and not just the loss function?"
{{7 0 0.png}},What is the test error or prediction error?
This is the expected value of the prediction error{{8 1 0.png}},What is the expected prediction error?
{{9 1 0.png}},What is the formula for bias?
{{10 1 0.png}},What is the formula for variance?
The bias/variance tradeoff says that the expected error of a model can be split up into a bias component and a variance component. The variance term shows how much a model varies over training sets and the bias shows how far off the model will be on average over all training sets.,Explain the bias/variance tradeoff
"Model that attempt to find the original probability distribution P(X,Y), the distribution the data were pulled from.",What is a generative model?
Attempt to find the posterior distribution P(Y|X),What is a discriminative model?
A function that relates the independent variables to the dependent variables - f(X) = Y,What is the discriminative function?
The more features we include the more data we need to be able to have the same performance. The amount of data we need groes exponentially.,What is the curse of dimensionality?
"Start with one dimensions with equally spaced intervals (4) and a data point in each interval. Once we go to two dimensions we now need 16 data points in each box, 64 for each cube.",Give an example that illustrated the curse of dimensionality&nbsp;
{{17 1 0.png}},Visualize the classic confusion matrix and the terms right around it
Has more than two classes - assumes that its going to be one of the classes but can't be both or several of the classes,What is multiclass classification?
Predicting properities that are not mutually exclusive such as text documents that might talk about multiple topics (this document is over finance and politics).,What is multilabel classification?
Each data point has multiple values - such as wind direction and magnitude,What is multioutput regression?
It doesnt take into consideration class imbalance very well. Since you are deaing with false pos rate then you are measuing how you are doing on the negatives which might mask how you are doing on the positives.&nbsp;,What are the weaknesses of the roc curve?
both are measuring how you are doing on the positives,Why do precision recall curve?
2*precision * recall/(precision + recall)<div><br></div><div>Harmonic mean between these two</div>,What is the f-score?
true positive rate and true negative rate&nbsp;,What is sensitivity and specificity?
