back,front
All values in interval are higher than those outside it,What is the highest posterior density region?
A &nbsp;= a+sum yi<div>B = n - sum yi + b</div>,What are the parameters of the posterior beta when binomial likelihood&nbsp;
any permutation of the random variables gives us the same joint distribution. This assumption allows us to assume the sample is conditionally independrnt,What is exchangeability?
says you should get the same inference with the same data,What is the likelihood principle&nbsp;
when finding distribution of g(x) we have to do a change of variables. An alternative is to do Monte Carlo on x and then do g(x) on each draw and plot distribution,What’s bayesian invariance?
Pick an envelope distribution<div>Calculate g(theta)/w(theta) and if ruing is less than then we accept the draw</div>,What is rejection sampling?
"when you find the conditionals of each parameter and then take a draw for parameter 1, use that in the conditional of 2, draw for parameter 2 and so forth&nbsp;",What is Gibbs sampling?
<div>a Monte Carlo estimate essentially uses the Law of Large Numbers to approximate an expectation by taking a simple average. If we take random draws from some distribution and average over some function then it is the expected value of that function with respect to random variables distribution. When we use indicators we are really getting at a probability</div>,What does Monte Carlo integration mean?
"Bic, dic (ic has a penalty for complexity) bayes factors are for comparing models so I could do a dumb model and see if the hierarchical one does better.&nbsp;<div><br></div><div>Could do a validation test on the posterior predictive but also could do a Bayesian chi square goodness of fit test</div>",How do I know if my model is good?
Beta binomial<div>Gamma poison&nbsp;</div><div>Gamma exponential</div><div>Normal normal with fixed variance</div>,What are some common conjugate pairs?
1/b-1 sum ( thetai - average thetas )^2,What is the se of the bootstrap?
"<div><br>{{11 1 0.png}}<div><br></div><div>As you'll notice this is an expectation with respect to the posterior so we can do a monte carlo estimation by considering different values of y_i^tilde and averaging over our posterior draws. For example, if our likelihood is normal then we can take dnorm in R for a sequence of numbers and for each number average dnorm over all draws</div></div>",What is a bayes predictive distribution?
The need for importance sampling arises when we want to get the expectation of the posterior. The posterior is made up of a numerator and a denominator. The denominator is an integral and therefore a constant. In both the numerator and the denominator we multiply by&nbsp; I(\theta)/I(\theta) where I(\theta) is some distribution that is easy to sample from. We then use monte carlo integration for both numerator and denominator where the draws are coming from I(\theta),What is importance sampling and how is it derived?
"1. You don't get draws from posterior, just an expectation&nbsp;<div>2. Need to make sure I(\theta) mirrors the posterior and preserves the parameter space</div>",What are the weaknesses of importance sampling?
This is the widely available information criterion. This is made up of -2*(lppd + effective number of parameters). lppd is the likelihood posterior predictive density which is calculated by taking each data point and averaging the likelihood at that data point over all the parameter draws and then summing that up over all data points. The effective number of parameters is calculated as the variance of the likelihood at each data point where the variance is over all of the draws and then summed up over all data points.&nbsp;<div><br></div><div>This formulation has an advantage over AIC and DIC because its using all of the posterior distribution to make these calculations.</div>,What is the WAIC?
<div><div>1 mixing meaning do we explore the space enough. Autocorrelation between draws<div><br></div><div>2. Burn in did the algorithm converge. Check this with a convergence plot and acceptance rate. Somehere between .15 and .5</div><div><br></div><div><br></div></div></div>,What are some of the issues with MCMC?
"<div><div style=""text-align:left"">Let f(x) be a function that is proportional to the density of interest P(x). (In the Bayes case, f(x) would be the numerator), something that we can evaluate.)</div><div style=""text-align:left"">1. Start with y1.&nbsp;</div><div style=""text-align:left"">2. Generate a proposal, y2, from a symetric proposal density centered around y1, such as the normal. <br>3. Compute ratio f(y2)/f(y1). Draw from u~Unif(0,1). If u &lt; ratio then accept and set y1 to y2, otherwise reject and set y1 to y1.&nbsp;</div><div><br></div><div style=""text-align:left"">Metropolis Hastings does not have a symmetric distribution&nbsp;<br></div></div><div style=""text-align:left""><br></div><div style=""text-align:left"">We are trying to get at a Markov chain stationary distribution which is a probability distribution that remains unchanged throghout the chain as time progresses. If P is our transition matrix then pi = pi P refers to the stationary distribution pi. (<span style=""text-align: center;"">long run proportion of time that the chain spends in
state j)</span></div>",What is the metropolis Hastings algorithm?
