back,front
E(X-E(X))^2,What is the original formula for variance?
E((X-E(X))(Y-E(Y)) = E(XY) - E(X)E(Y),What is the general formula for the covariance between X and Y?
0,If X and Y are independent what is there covariance?
They could be indepenedent but not necessarily.,If X and Y have a 0 covariance are the dependent or independent?
"This is the phenomenon that if you are extreme for one sample, the next time you won't be as extreme, you will regress towards the mean. Take a test 1 day and do well, the same test second day maybe not as well because of the element of luck involved",What does regression towards the mean refer to?
"A measure of how two variables vary together. If greater values correspond with greater values than covariance is positive, opposite than it is negative.&nbsp;",How would you describe covariance?
"<div>cov(X,Y)/sigma_x*sigma_y. This normalizes the covariance to be between -1 and 1 so that we can make apples to apples comparisons.</div>",How is correlation defined?
n!/(n-k)!,What is the permutation definition?
n!/k!(n-k)!,What is the combination definition?
Given a partition of the sample space A_i then we have:<div><br></div><div>P(A_i|B) = P(B|A_i)P(A_i)/P(B)</div><div><br></div><div>where P(B) can be written as sum_j_N of P(B|A_j)P(A_j)</div>,What is Bayes formula?
Frequentist treats the parameters as unknown but fixed while Bayes treates them as unknown but a random variable.,What is one key difference between Bayesian and frequentist statistics?
same as independence but with conditions. Does not imply independence or vice versa,What is conditional independence?
treat the event as having happens and add it to the rv expected variable&nbsp;,What to do when finding expected value of rv when there is a conditioned event?
"<div>Set of all possible outcomes or results of experiment. For example, with a coin the sample space would be {H,T}. Note that we can define a sample space in different ways. For two coins we could write {0,1,2} representing the number of heads or we could write {HH, HT, TH, TT} which is a more detailed way of writing the sample space.</div>",What is a sampling space?
"<div>A subset of the sample space. In a two coin example the sample space might be {HH, TH, HT, TT} and an event might be {HH, TH}, the event that the second coin is heads.</div>",What is an event?
A trial is a simple experiment. To avoid confusion the experiment is referring to the multiple trials.,What is a trial vs. experiment?
"A random variable is neither random, nor a variable. It is a function that takes in simple events from a sample space and assigns a real number. So the domain is the sample space and the range is the real numbers.",What is a random variable?
All of the probabilities must be greater than 0 and all must add up to 1.,What properties must a pmf satisfy?
{{18 3 2.png}}<div><br></div>{{18 3 0.png}}<div><br></div>{{18 3 1.png}},What is the expected value of a discrete rv? What is the expected value of a crv? What is the expected value of a rv conditioned on an event?
{{19 1 0.png}},Whats the transformation formula for a discrete random variable Y=g(X)?
Helps us to count - we use it when we are determining if the event A happend or not.&nbsp; E(I_A) = P(A)&nbsp;,What are the properties of the indicator random variable?
<div>This is written as: f(x) = P({sigma_k \in S|X(sigma_k)=x}) or the probability of the combined simple events that give us X=x. With continuous rv's this is a little tricky because prob. of a point is 0 so a good way to define it is by f(t)</div>{{21 0 0.png}},What is a probability function of a random variable?
The expected value of a function of a random variable is with respect to the pdf of the random variable.<div><br></div><div><br></div><br>{{22 1 0.png}},What is the law of the unconscious statistician?
"<div>The probability integral transform says that for any cdf function F, if we set Y=F(X) then Y is uniformly distributed.</div><div>{{23 0 0.png}}<br></div><div style=""text-align: left;"">This also implies that if you put the original random variable into its own CDF it is uniformly distributed (this is because Y=F(X) where X is the random variable vs. F(x)).&nbsp;</div><div style=""text-align: left;""><br></div><div style=""text-align: left;"">This also implies that if Y ~ Uni(0,1), then F^-1(Y) has X's cdf.</div>",<div>What is the probability integral transform and give a proof of it?</div>
"<div>F_x(x) = P(X &lt;= x).&nbsp; As x goes to -infinity then the cdf goes to 0, as x goes to infinity the cdf goes to 1. Must be non decreasing. Must be right continous.&nbsp;</div><div><br></div><div><br></div>{{24 1 0.png}}",What is the definition of the CF and what properties must a CDF satisfy?
Divide by its integral (since the integral is a number we pull it out of the other integral to give us a normalizing constant that gives 1),How do you transform a function to a probability density function?
The set of values x where f(x)&gt;0,What is the support of a distribution?
F'(x) = f(x),What is the derivative of the cdf?
<div>{{28 1 0.png}}</div><div><br></div><div>This comes from the cdf first and thinking about the support of Y and then taking the derivative of the cdf Y.</div><div><br></div><div>Make sure to find what the support of Y is first</div><div><br></div><div><br></div>,<div>What is the one dimensional transformation? Where does it come from?</div>
Split up the space into areas where g(X) is monotonic and then do the transformation process on each section. Then sum it all up.,How do you do the transformation of a nonmonotonic function?
"E[X^n], E[X - E[X]]^n",How is the n^th moment defined? How is the nth central moment defined?
<div><div>M_x(t) = E(e^{tX}) if it exists for all t in some open interval containing 0.</div></div><div><br></div><div>The MGF uniquely determines a distribution.</div>,What is the moment generating function?
These are distributions that we can shift and scale. With the normal distribution we can subtract the mean and scale by the standard deviation to get the standard normal distribution.,What is a location/scale family?
{{33 1 0.png}},What does Hybrid bayes rule look like?
{{34 2 1.png}}<div><br></div><div>Lambda is the rate parameter. The expectation is 1/lambda.&nbsp;</div><div><br></div><div>Story: waiting time for a shooting star. You know that this is a memoryless process (just because you waited a long time doesn't mean the star is more likely to appear). Say you know on average a star appears every 15 minutes. Then we can model the waiting time as Expo(4)</div><div><br></div><div>Rescale:&nbsp;</div><div><br></div><div>{{34 2 0.png}}<br></div><div><br></div><div>Min and Max</div><div><br></div>{{34 2 2.png}},"PDF of exponential, expectation, and properties?"
<div>Whats happened in the pass has no affect on the future (just because I've waited t time for a shooting star doesn't make it more likely to come)</div><div><br></div><div><br></div>{{35 1 0.png}},What does memorylessness mean?
If we are integrating out y for example then our integral will be with respect to y but the bounds will be in terms of x.,When taking the marginal of a joint distribution how do we know what the bounds are?
Two random variables X and Y are distributed the same iff they have the same MGF,What is the uniqueness property of the MGF?
The product of the MGF of the seperate variables.,What is the MGF of the sum of two independent random variables?
"<div>{{39 1 0.png}}</div><div><br></div><div>= integral from -\infty to x of integral from -\infty to y of f_xy(s,t) dt ds where s is the dummy variable for x and t is the dummy variable for y</div>","What does the joint cdf of X,Y look like?"
<div><div>{{40 1 0.png}}</div><div><br></div><div>Don't forget that the support could be different implying that the bounds of the integral could be different</div></div><div><br></div><div>Whe doing the discrete version think of it for a particular X and then sum all of Y for that particular X.</div><div><br></div><div>The joint pmf cannot be determined from just the marginals.</div>,How is the marginal distribution defined from a join probability?
E[y|x] = \int y f(y|x),What is the definition of conditional expectation E[y|x]?
MGF of X+Y will be product of the separate MGFs and the expected value will be multiplied together. Extends to n mutually independent rvs.,If X and Y are independent what do we know about the MGF of X+Y and expected value of E[g(X)h(X)]?
"<div><div>If their joint cdf, pdf can be written as the product of their marginals or if the conditional of one is its marginal. This extends to n random variables as well. This can be relaxed to finding just general functions g and h such that f(x,y)=g(x)h(y) for x and y</div></div>",How do we know if two r.v.s are independent?
<div>Take the nth derivative with respect to t and set t to 0. This assumes we can differentiate within the integral.&nbsp;</div>,How do you get moments from the moment generating function?
"<div><div>sum over (x,y) element of A_uv of f_xy(x,y) where A_uv are all (X,Y) such that g_1(x,y)=u and g_2(x,y)=v. g_1 and g_2 are the transform functions. Don't forget to deal with the support.</div></div><div><br></div><div><br></div>{{45 0 0.png}}",What is the bivariate discrete transform?
"<div style=""text-align:left""><br></div><br>{{46 2 1.png}}",What is the table of counting look like?
{{47 1 0.png}}<div>This assumes that the transformation is subjective.</div>,What does the continous bivariate transformation look like?
{{48 0 0.png}},What does the joint pdf of continous random variables look like in relation to the joint cdf?
Subtract its mean and divide by its standard deviation.,"How do we get any normal random variable to be N(0,1)?"
{{50 0 0.png}},What are the discrete distributions for when we have the four combos of fixed # of trials with replacement and without replacement and draws until r^th success with replacement and without replacement?
"The gamma distribution is related to the exponential distribution in that the waiting time for an event is Exp(lambda) and the waiting time for the n^th event is Gamma(n,lambda).<div><br></div><div>Example: You are at a bank in line with 3 people ahead of you. The serving time for each person is exponential with an average waiting time of 2 minutes. What is the distribution of YOUR waiting time?</div><div><br></div><div>Gamma(3, 1/2)</div><div><br></div><div><br></div><div><br></div>{{51 1 0.png}}",What is the significance of the Gamma distribution or a story to fit it? What is its pdf and expectation?
{{52 0 0.png}},What is the normal distribution?
<div><div>We want to know the pdf of X+Y so we let Z=X+Y and W=X. Using the bivariate transformation we get (since the determinant of the Jacobian is 1):</div><div><br></div>{{53 0 0.png}}<div>We then integrate over W to get at the pdf of X+Y</div></div><div><br></div><div>Note that it is important to get the bounds of W correct. It can sometimes be dependent on Z.</div>,What is the convolution formula and what does it look like?
"<div><div>Var(X_1+X_2+X_3...) = sum(Var(X_i)) + 2* sum(i&lt;j)Cov(X_i,X_j)<br></div><div><br></div><div>If the variables are identically distributed we have n(Var(X_1)) + 2 *nC2*Cov(X_1,X_2). We have n choose 2 because we are sampling without replacement and order does not matter.</div><div><br></div><div>when there are only two variables this simplifies to:</div><div><br></div><div>Var(X+Y) = Var(X) + Var(Y) + 2Cov(X,Y)</div></div><div><br></div><div>If X and Y are independent then we drop the 2Cov(X,Y) term</div>",What is the formula for the variance of a sum?
"<ol><li style=""text-align: left;"">Cov(X,Y)</li><li style=""text-align: left;"">abCov(X,Y)</li><li style=""text-align: left;"">Cov(WY) + Cov(WZ) + Cov(XY) + Cov(XZ)<br></li><li style=""text-align: left;"">Corr(X,Y) - it apears that correlation is location and scale invariant whereas Covariance is just location invariant.</li></ol>","<div>What is Cov(a + X, b+Y) and Cov(aX,bY) where a and b are constants? What is Cov(W+X, Y+Z) where all variables are RVs? What is Corr(aX + b, cY + d)?</div>"
"1/(b-a), 1/2(b+a)",What is the pdf of the uniform distribution? What is the expected value?
{{57 2 0.png}}<div><br><div><br></div></div>{{57 2 1.png}},What is the posterior of a Beta/Binomial Bayes setup? What is the expected value of the Beta distribution?
"{{58 0 0.png}}<div>Chi square is also distributed Gamma(n/2, 1/2).</div>",Whats the story around the Chi-square distribution? What distributions is it related to?
This is the number of failures we have before we achieve our rth success.&nbsp;<div><br></div><div><br></div>{{59 0 0.png}},"<div>What is the negative binomial story, its distribution and expectation?</div>"
<div><div>This is the same as the binomial but without replacement which implies our probability changes with each successive draw.&nbsp;</div><div><br></div><div>KCk * (N-K)C(n-k)/NCn</div></div><div><br></div><div>N is the population size</div><div>K is number of success states in pop.</div><div>n is number of draws</div><div>k is number of observed successes</div><div><br></div><div>The mean is nK/N</div>,<div>When do we use the hypergeometric distribution? What is its pmf and expectation?</div>
<div>Low probability event that occurs in many ways at an average rate of lambda during a given time period or spatial unit. The Poisson is the number of times that event occurs in that unit.</div>{{61 1 0.png}}<div><br></div><div>Expectation and variance are lambda</div>,"What is the poisson story, pmf, expected value, variance?"
"<ol><li style=""text-align: left;"">Abusing the naive definition of probability. This can only be applied when all outcomes are equally likely.</li><li style=""text-align: left;"">When dealing with conditional P(A|B) and P(B) remember that P(B) is not 1 its the <i>prior</i>&nbsp;probability.</li><li style=""text-align: left;"">Don't assume independence without justification (binomial vs. hypergeometric)</li><li style=""text-align: left;"">Do sanity checks - pdf integrates to 1, variance above 0, probability between 0 and 1, supports make sense.</li><li style=""text-align: left;"">Don't confuse rv's, number and events: X, g(X) are rv's, P(X&lt;x), E(X), Var(X) is a number, X=2 is an event, F(X)&gt;=1 is an event. It doesn't make sense to take the integral of a random variable (just its pdf). Doesn't make sense to write P(X) since X is not an event.&nbsp;</li></ol>",What are some common biohazards when doing probability?
"Simply a collection of random variables where each random variable is associated with a unique index. The index might be the natural numbers for example associated with time. An outcome of a stochastic process is a ""sample function"" or a ""realization"".&nbsp;&nbsp;<div><br></div><div>The best way for me to understand this is to think of Gaussian process functions. Each point in time is represented by a random variable and a stochastic process is a collection of all those variables. Therefore a realization of the process is a function because it is a realization of multiple random variables. (Meaning the index set is on the x-axis for example?)</div>",What is a stochastic process?
A stochastic process so a collection of poisson random variables that have the distinction that each interval in the state space is independent of everyother interval.,What is the poisson process?&nbsp;
"This models the probability of getting a certain category out of k categories. Its analogous to the bernoulli distribution but instead of having 2 categories we have k.&nbsp;<div><br></div><div>The support is therefore {1,...,k}. The pmf is just p_i for each category with the sum of the p_i's equal to 1.</div>",What is the categorical distribution?
"<div>The multinomial distribution is a generalization of the bernoulli, binomial, and categorical distributions all rolled into one.<div><br></div><div>I think the best way to describe it is analogous to the bernoulli/binomial relationship. The multinomial is simple the categorical distribution repeated over n trials. Therefore the support is all possible combinations of distributing n trials over k categories.&nbsp;</div><div><br></div><div>The way we say this is that a vector X = (X_1, X_2, ...X_k) follows a multinomial distribution. Each element of the vector will be a count for that particular category.</div><div><br></div>pmf =&nbsp;{{66 2 0.png}}<div>support =&nbsp;</div>{{66 2 1.png}}</div><div><br></div><div>Where each p_i is the probability of getting in that category.</div><div><br></div><div>The pmf is found by thinking of taking each trial and thinking about where to put it in a category. The probability of getting the vector (X_1,X_2,...X_k) is therefore p_1^x_1 p_2^x_2, etc. but that can be arranged in multiple ways so therefore the multinomial coefficient.</div>",What is the multinomial distribution?
"<div>This is saying that if we ignore confounding effects and just group everything together, we can get one conclusion. However, if we break up into groups to account for the confounding variable we can see a reversal in the conclusion.</div><div><br></div><div>This occurs for two reasons: the groups (split by confounding variable) are of different sizes. Secondly the performance of the confounding variable level is different. So if one treatment has most of its examples from the better level of the confounding variable it will mask the true effect when combined&nbsp;</div>",What is Simpson's Paradox?
{{68 0 0.png}},What does the multivariate distribution look like?
E[X] = E_Y(E_X[X|Y])<div><br></div><div>Y is number of eggs and X is number of surviving eggs. If Y is poission and X|Y is Binomial then we have for the inner expectation yp and outer is plambda</div><div><br></div><div>Heres the proof:</div><div><br></div>{{69 0 0.png}},What is Adam's law or law of total expectation? Whats the proof?
<div><div><div>This is the same as the negative binomial but where we count the number of failures before the first success.<div><br></div><div><br></div>{{70 0 0.png}}</div><div>q/p^2 is the variance</div></div><div><br></div><div>If you want to count the first success then the pmf is q^(k-1)p and the expectation is 1/p.</div></div><div><br></div><div>To find the expectation write it out as an infinite sum and then divide by the common ratio.&nbsp; Call this S/p. Take the original infinite series and subtract S/p from it. It will then turn into a geometric series.&nbsp;</div>,<div><div>What do we use the geometric distribution for and what is its pmf and expectation? What is the variance? What is the first success distribution and expectation? How do you calculate expectation for this distribution?</div></div>
